stage,step,panel,seeds,success_rate_mean,success_rate_seed_sd,collision_rate_mean,collision_rate_seed_sd,mean_margin_cost_mean,mean_margin_cost_seed_sd,terminal_l2_mean_mean,terminal_l2_mean_seed_sd
a,900000,exact,3,0.6666666666666666,0.5773502691896258,0.0,0.0,0.0,0.0,0.4903335300336282,0.29544808337050155
a,900000,vel_small,3,0.655,0.3401102762340474,0.0,0.0,0.0,0.0,0.4812860660503307,0.17727756083736682
a,900000,lower_region,3,0.6,0.18621224449536075,0.07666666666666667,0.03214550253664318,2.465,0.2235508890610815,0.6679827305053672,0.10719120898142336
b,600000,exact,3,1.0,0.0,0.0,0.0,0.0,0.0,0.18207096775372822,0.022029402428553026
b,600000,vel_small,3,1.0,0.0,0.0,0.0,0.005,0.008660254037844387,0.18404565603782733,0.024814287820879587
b,600000,lower_region,3,0.9566666666666667,0.0028867513459481316,0.04,0.0049999999999999975,1.33,0.1675559608011604,0.33591745673989254,0.028924732416718817
b,1000000,exact,3,0.9983333333333334,0.0028867513459481316,0.0,0.0,3.2166666666666663,1.916926793942151,0.17319814128801228,0.03040384360017598
b,1000000,vel_small,3,1.0,0.0,0.0,0.0,3.748333333333333,1.4152237750028553,0.17870790956541896,0.02039534493387828
b,1000000,lower_region,3,0.945,0.024999999999999967,0.05499999999999999,0.025,2.4233333333333333,0.9051565242174048,0.36553969471404946,0.06855252194625677
