seed,stage,step,panel,episodes,success_count,collision_count,any_margin_violation_count,success_zero_margin_count,left,right,other,success_rate,collision_rate,mean_margin_cost,terminal_l2_mean,checkpoint_sha256
0,a,900000,exact,200,0,0,0,0,200,0,0,0.0,0.0,0.0,0.8265906891226769,7912f2c0f655c0b424d3cce8cc6415262d95ed636e150d67ae53b85ea39a82df
0,a,900000,vel_small,200,64,0,0,64,129,71,0,0.32,0.0,0.0,0.6468265920877456,7912f2c0f655c0b424d3cce8cc6415262d95ed636e150d67ae53b85ea39a82df
0,a,900000,lower_region,200,107,8,23,103,95,98,7,0.535,0.04,2.49,0.6497416757792235,7912f2c0f655c0b424d3cce8cc6415262d95ed636e150d67ae53b85ea39a82df
0,b,600000,exact,200,200,0,0,200,127,73,0,1.0,0.0,0.0,0.20743243351578713,5d6a77f832b01605b5e5625f566761b8f6f3ad0fcd458586f7582c9ae255b794
0,b,600000,vel_small,200,200,0,0,200,99,101,0,1.0,0.0,0.0,0.2123636682331562,5d6a77f832b01605b5e5625f566761b8f6f3ad0fcd458586f7582c9ae255b794
0,b,600000,lower_region,200,192,7,27,172,99,95,6,0.96,0.035,1.325,0.3640112952888012,5d6a77f832b01605b5e5625f566761b8f6f3ad0fcd458586f7582c9ae255b794
0,b,1000000,exact,200,200,0,200,0,0,200,0,1.0,0.0,4.245,0.19469219081103803,cced1a19ea45eeb81f8161ae2791e8e8c564e7206310d6ef3f850549033c518a
0,b,1000000,vel_small,200,200,0,200,0,31,169,0,1.0,0.0,4.52,0.19186829775571823,cced1a19ea45eeb81f8161ae2791e8e8c564e7206310d6ef3f850549033c518a
0,b,1000000,lower_region,200,189,11,83,117,97,94,9,0.945,0.055,3.44,0.3750020206347108,cced1a19ea45eeb81f8161ae2791e8e8c564e7206310d6ef3f850549033c518a
1,a,900000,exact,200,200,0,0,200,0,200,0,1.0,0.0,0.0,0.37208392590284345,7ffc3e9684d9a6140cceabb2e1ec49a7cfa922d41ad63598078c6975a627bd79
1,a,900000,vel_small,200,129,0,0,129,41,159,0,0.645,0.0,0.0,0.5027970777451992,7ffc3e9684d9a6140cceabb2e1ec49a7cfa922d41ad63598078c6975a627bd79
1,a,900000,lower_region,200,91,18,33,90,90,92,18,0.455,0.09,2.675,0.7831240257620812,7ffc3e9684d9a6140cceabb2e1ec49a7cfa922d41ad63598078c6975a627bd79
1,b,600000,exact,200,200,0,0,200,0,200,0,1.0,0.0,0.0,0.167689760774374,89dc6cfc6c5dc9fccb8801a45748147c79544b322836727332b009b61656311b
1,b,600000,vel_small,200,200,0,3,197,23,177,0,1.0,0.0,0.015,0.17367036756128074,89dc6cfc6c5dc9fccb8801a45748147c79544b322836727332b009b61656311b
1,b,600000,lower_region,200,191,9,29,171,100,96,4,0.955,0.045,1.165,0.3375131818093359,89dc6cfc6c5dc9fccb8801a45748147c79544b322836727332b009b61656311b
1,b,1000000,exact,200,199,0,200,0,200,0,0,0.995,0.0,4.4,0.18649062737822533,50169591069c4cca86989518c368e4a5b3ab9935f692ebba507a3dcd7801db2d
1,b,1000000,vel_small,200,200,0,200,0,181,19,0,1.0,0.0,4.61,0.1890414150059223,50169591069c4cca86989518c368e4a5b3ab9935f692ebba507a3dcd7801db2d
1,b,1000000,lower_region,200,194,6,62,138,100,97,3,0.97,0.03,2.125,0.29274755500257016,50169591069c4cca86989518c368e4a5b3ab9935f692ebba507a3dcd7801db2d
2,a,900000,exact,200,200,0,0,200,0,200,0,1.0,0.0,0.0,0.2723259750753641,bfc03a2c879930639bd226436163ea029b60d86f063265312e0f2e6ce37d37ec
2,a,900000,vel_small,200,200,0,0,200,67,133,0,1.0,0.0,0.0,0.29423452831804753,bfc03a2c879930639bd226436163ea029b60d86f063265312e0f2e6ce37d37ec
2,a,900000,lower_region,200,162,20,37,147,97,96,7,0.81,0.1,2.23,0.5710824899747968,bfc03a2c879930639bd226436163ea029b60d86f063265312e0f2e6ce37d37ec
2,b,600000,exact,200,200,0,0,200,0,200,0,1.0,0.0,0.0,0.17109070897102355,cd0d1af1c9c8ccbf3f69ca9b3a06095668a6fb795baceff5dfab1f995c650243
2,b,600000,vel_small,200,200,0,0,200,0,200,0,1.0,0.0,0.0,0.16610293231904508,cd0d1af1c9c8ccbf3f69ca9b3a06095668a6fb795baceff5dfab1f995c650243
2,b,600000,lower_region,200,191,8,25,174,99,95,6,0.955,0.04,1.5,0.30622789312154053,cd0d1af1c9c8ccbf3f69ca9b3a06095668a6fb795baceff5dfab1f995c650243
2,b,1000000,exact,200,200,0,163,37,200,0,0,1.0,0.0,1.005,0.13841160567477345,7828a31601c92a174aa5ad2e793d10a55644ec5bde9aa65c12b627d07bd76e44
2,b,1000000,vel_small,200,200,0,179,21,147,53,0,1.0,0.0,2.115,0.15521401593461634,7828a31601c92a174aa5ad2e793d10a55644ec5bde9aa65c12b627d07bd76e44
2,b,1000000,lower_region,200,184,16,65,135,102,95,3,0.92,0.08,1.705,0.42886950850486755,7828a31601c92a174aa5ad2e793d10a55644ec5bde9aa65c12b627d07bd76e44
